<?xml version="1.0" encoding="utf-8" ?>
<extension type="file" version="3.0" method="upgrade">
	<name>com_PhocaGallery_bg-BG</name>
	<tag>bg-BG</tag>
	<version>4.4.3</version>
	<creationDate>November 2021</creationDate>
	<author>Stefan Ilivanov, Plamen</author>
	<authorEmail>ilivanov@gmail.com</authorEmail>
	<authorUrl>http://www.cmsbg.info</authorUrl>
	<copyright>© Copyright (C) 2021. All rights reserved</copyright>
	<license>GNU/GPL Version 2 - http://www.gnu.org/licenses/gpl-2.0.html</license>
	<description>Bulgarian language pack for Phoca Gallery</description>
	<updateservers>
		<server type="collection" priority="1" name="bg-BG Language Updates">http://github.com/pl71/BG-for-PG/translationlist.xml</server>
	</updateservers>
	<fileset>
		<files target="administrator/language/bg-BG">
			<language tag="bg-BG">bg-BG.com_phocagallery.ini</language>
			<language tag="bg-BG">bg-BG.com_phocagallery.sys.ini</language>
		</files>
		<files target="language/bg-BG">
			<language tag="bg-BG">bg-BG.com_phocagallery.ini</language>
			<language tag="bg-BG">bg-BG.com_phocagallery.sys.ini</language>
		</files>
	</fileset>
</extension>