<?xml version="1.0" encoding="utf-8" ?>
<extension type="file" version="3.0" method="upgrade">
	<name>Bulgarian language for PhocaGallery</name>
	<tag>bg-BG</tag>
	<version>4.4.0</version>
	<creationDate>17 November 2021</creationDate>
	<packagename>bg-BG PhocaGallery</packagename>
	<author>Stefan Ilivanov, Plamen</author>
	<authorEmail>ilivanov@gmail.com</authorEmail>
	<authorUrl>http://www.cmsbg.info</authorUrl>
	<copyright>© Copyright (C) 2021. All rights reserved</copyright>
	<license>GNU/GPL Version 2 - http://www.gnu.org/licenses/gpl-2.0.html</license>
	<description>Bulgarian language pack for Phoca Gallery</description>
	<fileset>
		<files target="administrator/language/bg-BG">
			<language tag="bg-BG">bg-BG.com_phocagallery.ini</language>
			<language tag="bg-BG">bg-BG.com_phocagallery.sys.ini</language>
		</files>
		<files target="language/bg-BG">
			<language tag="bg-BG">bg-BG.com_phocagallery.ini</language>
			<language tag="bg-BG">bg-BG.com_phocagallery.sys.ini</language>
		</files>
	</fileset>
	<updateservers>
		<server 
			type="extension" 
			priority="2" 
			name="bg-BG Language Updates">
			https://raw.githubusercontent.com/pl71/BG-for-PG/main/updates.xml
		</server>
	</updateservers>
</extension>